_id;title;description;event_dates;event_date;date_display_mode;is_permanent;date_range_from;date_range_to;schedule;date_display;address;coordinates_lat;coordinates_lng;category;event_image;price;price_description;is_premium;phone;source;status;createdBy;updatedBy;createdAt;updatedAt
;NOTHING;NOTHING is listed as a live music performance in Warsaw. It is scheduled on 1 September 2026 at 19:30 at Hydrozagadka, 22 11 Listopada St, Warsaw. Ticket price and availability are to be confirmed with the organiser. This English event summary is based on publicly available organiser or ticket-calendar information. Confirm the final programme, entry rules, accessibility arrangements and ticket availability with the source before travelling.;2026-09-01T19:30;;sessions;false;;;;;Hydrozagadka, 22 11 Listopada St, Warsaw;;;;;;Price TBA — check the official ticket office;false;;https://kiedykoncert.pl/koncerty/warszawa/2026-09;active;;;;
;The Dresden Dolls;The Dresden Dolls is listed as a live music performance in Warsaw. It is scheduled on 2 September 2026 at 19:30 at Progresja, 22 Fort Wola St, Warsaw. The published starting price is 181.90 PLN. This English event summary is based on publicly available organiser or ticket-calendar information. Confirm the final programme, entry rules, accessibility arrangements and ticket availability with the source before travelling.;2026-09-02T19:30;;sessions;false;;;;;Progresja, 22 Fort Wola St, Warsaw;;;;;181.90;Tickets from 181.90 PLN;false;;https://www.eventylive.pl/wydarzenia/warszawa/concert/2026-09;active;;;;
;Kate Stephenson;Kate Stephenson is listed as a live music performance in Warsaw. It is scheduled on 7 September 2026 at 18:00 at BARdzo bardzo, 18 Środkowa St, Warsaw. Ticket price and availability are to be confirmed with the organiser. This English event summary is based on publicly available organiser or ticket-calendar information. Confirm the final programme, entry rules, accessibility arrangements and ticket availability with the source before travelling.;2026-09-07T18:00;;sessions;false;;;;;BARdzo bardzo, 18 Środkowa St, Warsaw;;;;;;Price TBA — check the official ticket office;false;;https://kiedykoncert.pl/koncerty/warszawa/2026-09;active;;;;
;New Constellations, support: Karolina Prasał;New Constellations, support: Karolina Prasał is listed as a live music performance in Warsaw. It is scheduled on 8 September 2026 at 20:00 at Hydrozagadka, 22 11 Listopada St, Warsaw. The published starting price is 104.94 PLN. This English event summary is based on publicly available organiser or ticket-calendar information. Confirm the final programme, entry rules, accessibility arrangements and ticket availability with the source before travelling.;2026-09-08T20:00;;sessions;false;;;;;Hydrozagadka, 22 11 Listopada St, Warsaw;;;;;104.94;Tickets from 104.94 PLN;false;;https://kiedykoncert.pl/wydarzenie/148-new-constellations-support-karolina-prasal-warszawa;active;;;;
;Alex Spencer;Alex Spencer is listed as a live music performance in Warsaw. It is scheduled on 9 September 2026 at 20:00 at BARdzo bardzo, 18 Środkowa St, Warsaw. Ticket price and availability are to be confirmed with the organiser. This English event summary is based on publicly available organiser or ticket-calendar information. Confirm the final programme, entry rules, accessibility arrangements and ticket availability with the source before travelling.;2026-09-09T20:00;;sessions;false;;;;;BARdzo bardzo, 18 Środkowa St, Warsaw;;;;;;Price TBA — check the official ticket office;false;;https://kiedykoncert.pl/koncerty/warszawa/2026-09;active;;;;
;Bayonne;Bayonne is listed as a live music performance in Warsaw. It is scheduled on 12 September 2026 at 20:00 at BARdzo bardzo, 18 Środkowa St, Warsaw. The published starting price is 102.90 PLN. This English event summary is based on publicly available organiser or ticket-calendar information. Confirm the final programme, entry rules, accessibility arrangements and ticket availability with the source before travelling.;2026-09-12T20:00;;sessions;false;;;;;BARdzo bardzo, 18 Środkowa St, Warsaw;;;;;102.90;Tickets from 102.90 PLN;false;;https://www.eventylive.pl/wydarzenia/warszawa/concert/2026-09?page=3;active;;;;
;Black Stone Cherry: The Celebrate Tour;Black Stone Cherry: The Celebrate Tour is listed as a rock concert in Warsaw. It is scheduled on 13 September 2026 at 18:00 at Klub Progresja, 22 Fort Wola St, Warsaw. Ticket price and availability are to be confirmed with the organiser. This English event summary is based on publicly available organiser or ticket-calendar information. Confirm the final programme, entry rules, accessibility arrangements and ticket availability with the source before travelling.;2026-09-13T18:00;;sessions;false;;;;;Klub Progresja, 22 Fort Wola St, Warsaw;;;;;;Price TBA — check the official ticket office;false;;https://kiedykoncert.pl/koncerty/warszawa/2026-09;active;;;;
;The Pussycat Dolls: PCD FOREVER TOUR;The Pussycat Dolls: PCD FOREVER TOUR is listed as a pop concert in Warsaw. It is scheduled on 16 September 2026 at 17:30 at COS Torwar, 6A Łazienkowska St, Warsaw. Ticket price and availability are to be confirmed with the organiser. This English event summary is based on publicly available organiser or ticket-calendar information. Confirm the final programme, entry rules, accessibility arrangements and ticket availability with the source before travelling.;2026-09-16T17:30;;sessions;false;;;;;COS Torwar, 6A Łazienkowska St, Warsaw;;;;;;Price TBA — check the official ticket office;false;;https://kiedykoncert.pl/koncerty/warszawa/2026-09;active;;;;
;Devin Townsend;Devin Townsend is listed as a live music performance in Warsaw. It is scheduled on 16 September 2026 at 18:00 at Klub Stodoła, 10 Batorego St, Warsaw. Ticket price and availability are to be confirmed with the organiser. This English event summary is based on publicly available organiser or ticket-calendar information. Confirm the final programme, entry rules, accessibility arrangements and ticket availability with the source before travelling.;2026-09-16T18:00;;sessions;false;;;;;Klub Stodoła, 10 Batorego St, Warsaw;;;;;;Price TBA — check the official ticket office;false;;https://kiedykoncert.pl/koncerty/warszawa/2026-09;active;;;;
;TR/ST — Live;TR/ST — Live is listed as a live music performance in Warsaw. It is scheduled on 16 September 2026 at 20:00 at Niebo, 21C Nowy Świat St, Warsaw. Ticket price and availability are to be confirmed with the organiser. This English event summary is based on publicly available organiser or ticket-calendar information. Confirm the final programme, entry rules, accessibility arrangements and ticket availability with the source before travelling.;2026-09-16T20:00;;sessions;false;;;;;Niebo, 21C Nowy Świat St, Warsaw;;;;;;Price TBA — check the official ticket office;false;;https://kiedykoncert.pl/koncerty/warszawa/2026-09;active;;;;
;As December Falls;As December Falls is listed as a live music performance in Warsaw. It is scheduled on 18 September 2026 at 18:00 at Klub Mechanik, 87 Narbutta St, Warsaw. Ticket price and availability are to be confirmed with the organiser. This English event summary is based on publicly available organiser or ticket-calendar information. Confirm the final programme, entry rules, accessibility arrangements and ticket availability with the source before travelling.;2026-09-18T18:00;;sessions;false;;;;;Klub Mechanik, 87 Narbutta St, Warsaw;;;;;;Price TBA — check the official ticket office;false;;https://kiedykoncert.pl/koncerty/warszawa/2026-09;active;;;;
;Lilyisthatyou: The Flowers Have Feelings Tour;Lilyisthatyou: The Flowers Have Feelings Tour is listed as a live music performance in Warsaw. It is scheduled on 19 September 2026 at 18:00 at Klub Hybrydy, 7/9 Złota St, Warsaw. Ticket price and availability are to be confirmed with the organiser. This English event summary is based on publicly available organiser or ticket-calendar information. Confirm the final programme, entry rules, accessibility arrangements and ticket availability with the source before travelling.;2026-09-19T18:00;;sessions;false;;;;;Klub Hybrydy, 7/9 Złota St, Warsaw;;;;;;Price TBA — check the official ticket office;false;;https://kiedykoncert.pl/koncerty/warszawa/2026-09;active;;;;
;Vanessa Paradis;Vanessa Paradis is listed as a pop concert in Warsaw. It is scheduled on 20 September 2026 at 18:00 at Klub Stodoła, 10 Batorego St, Warsaw. Ticket price and availability are to be confirmed with the organiser. This English event summary is based on publicly available organiser or ticket-calendar information. Confirm the final programme, entry rules, accessibility arrangements and ticket availability with the source before travelling.;2026-09-20T18:00;;sessions;false;;;;;Klub Stodoła, 10 Batorego St, Warsaw;;;;;;Price TBA — check the official ticket office;false;;https://kiedykoncert.pl/koncerty/warszawa/2026-09;active;;;;
;Allegaeon x Gorod, support: Halysis;Allegaeon x Gorod, support: Halysis is listed as a metal concert in Warsaw. It is scheduled on 20 September 2026 at 19:30 at VooDoo Club — Stage 1, 48A Prymasa Tysiąclecia Ave, Warsaw. Ticket price and availability are to be confirmed with the organiser. This English event summary is based on publicly available organiser or ticket-calendar information. Confirm the final programme, entry rules, accessibility arrangements and ticket availability with the source before travelling.;2026-09-20T19:30;;sessions;false;;;;;VooDoo Club — Stage 1, 48A Prymasa Tysiąclecia Ave, Warsaw;;;;;;Price TBA — check the official ticket office;false;;https://kiedykoncert.pl/koncerty/warszawa/2026-09;active;;;;
;WITCHZ;WITCHZ is listed as a live music performance in Warsaw. It is scheduled on 20 September 2026 at 20:00 at Niebo, 21C Nowy Świat St, Warsaw. Ticket price and availability are to be confirmed with the organiser. This English event summary is based on publicly available organiser or ticket-calendar information. Confirm the final programme, entry rules, accessibility arrangements and ticket availability with the source before travelling.;2026-09-20T20:00;;sessions;false;;;;;Niebo, 21C Nowy Świat St, Warsaw;;;;;;Price TBA — check the official ticket office;false;;https://kiedykoncert.pl/koncerty/warszawa/2026-09;active;;;;
;JJ: Act II — Into The Unknown Tour;JJ: Act II — Into The Unknown Tour is listed as a live music performance in Warsaw. It is scheduled on 21 September 2026 at 18:00 at Klub Niebo, 21C Nowy Świat St, Warsaw. The published starting price is 115 PLN. This English event summary is based on publicly available organiser or ticket-calendar information. Confirm the final programme, entry rules, accessibility arrangements and ticket availability with the source before travelling.;2026-09-21T18:00;;sessions;false;;;;;Klub Niebo, 21C Nowy Świat St, Warsaw;;;;;115;Tickets from 115 PLN;false;;https://www.ticketmaster.pl/event/jj-act-ii-into-the-unknown-tour-bilety/1770994825?language=en-us;active;;;;
;Isabel van Gelder;Isabel van Gelder is listed as a live music performance in Warsaw. It is scheduled on 22 September 2026 at 18:00 at BARdzo bardzo, 18 Środkowa St, Warsaw. Ticket price and availability are to be confirmed with the organiser. This English event summary is based on publicly available organiser or ticket-calendar information. Confirm the final programme, entry rules, accessibility arrangements and ticket availability with the source before travelling.;2026-09-22T18:00;;sessions;false;;;;;BARdzo bardzo, 18 Środkowa St, Warsaw;;;;;;Price TBA — check the official ticket office;false;;https://kiedykoncert.pl/koncerty/warszawa/2026-09;active;;;;
;Stand Atlantic;Stand Atlantic is listed as a live music performance in Warsaw. It is scheduled on 23 September 2026 at 18:00 at Klub Hybrydy, 7/9 Złota St, Warsaw. Ticket price and availability are to be confirmed with the organiser. This English event summary is based on publicly available organiser or ticket-calendar information. Confirm the final programme, entry rules, accessibility arrangements and ticket availability with the source before travelling.;2026-09-23T18:00;;sessions;false;;;;;Klub Hybrydy, 7/9 Złota St, Warsaw;;;;;;Price TBA — check the official ticket office;false;;https://kiedykoncert.pl/koncerty/warszawa/2026-09;active;;;;
;Węże;Węże is listed as a live music performance in Warsaw. It is scheduled on 23 September 2026 at 18:00 at Hydrozagadka, 22 11 Listopada St, Warsaw. Ticket price and availability are to be confirmed with the organiser. This English event summary is based on publicly available organiser or ticket-calendar information. Confirm the final programme, entry rules, accessibility arrangements and ticket availability with the source before travelling.;2026-09-23T18:00;;sessions;false;;;;;Hydrozagadka, 22 11 Listopada St, Warsaw;;;;;;Price TBA — check the official ticket office;false;;https://kiedykoncert.pl/koncerty/warszawa/2026-09;active;;;;
;Mad Tsai: The Bite Back Tour;Mad Tsai: The Bite Back Tour is listed as a live music performance in Warsaw. It is scheduled on 24 September 2026 at 18:00 at Klub OCZKI, 1A Oczki St, Warsaw. Ticket price and availability are to be confirmed with the organiser. This English event summary is based on publicly available organiser or ticket-calendar information. Confirm the final programme, entry rules, accessibility arrangements and ticket availability with the source before travelling.;2026-09-24T18:00;;sessions;false;;;;;Klub OCZKI, 1A Oczki St, Warsaw;;;;;;Price TBA — check the official ticket office;false;;https://kiedykoncert.pl/koncerty/warszawa/2026-09;active;;;;
;Stu Larsen, support: Imme & Julia Adriana;Stu Larsen, support: Imme & Julia Adriana is listed as a live music performance in Warsaw. It is scheduled on 26 September 2026 at 20:00 at Chmury, 22 11 Listopada St, Warsaw. Ticket price and availability are to be confirmed with the organiser. This English event summary is based on publicly available organiser or ticket-calendar information. Confirm the final programme, entry rules, accessibility arrangements and ticket availability with the source before travelling.;2026-09-26T20:00;;sessions;false;;;;;Chmury, 22 11 Listopada St, Warsaw;;;;;;Price TBA — check the official ticket office;false;;https://kiedykoncert.pl/koncerty/warszawa/2026-09;active;;;;
;Peter Hammill;Peter Hammill is listed as a live music performance in Warsaw. It is scheduled on 27 September 2026 at 20:00 at Palladium, 9 Złota St, Warsaw. Ticket price and availability are to be confirmed with the organiser. This English event summary is based on publicly available organiser or ticket-calendar information. Confirm the final programme, entry rules, accessibility arrangements and ticket availability with the source before travelling.;2026-09-27T20:00;;sessions;false;;;;;Palladium, 9 Złota St, Warsaw;;;;;;Price TBA — check the official ticket office;false;;https://kiedykoncert.pl/koncerty/warszawa/2026-09;active;;;;
;Father Of Peace: The Year Of Madness & The Mystery Century Tour;Father Of Peace: The Year Of Madness & The Mystery Century Tour is listed as a live music performance in Warsaw. It is scheduled on 28 September 2026 at 18:00 at Klub OCZKI, 1A Oczki St, Warsaw. Ticket price and availability are to be confirmed with the organiser. This English event summary is based on publicly available organiser or ticket-calendar information. Confirm the final programme, entry rules, accessibility arrangements and ticket availability with the source before travelling.;2026-09-28T18:00;;sessions;false;;;;;Klub OCZKI, 1A Oczki St, Warsaw;;;;;;Price TBA — check the official ticket office;false;;https://www.ticketmaster.com/father-of-peace-tickets/artist/4413949?tt_scene=anchor_view;active;;;;
;Kiss Facility;Kiss Facility is listed as a live music performance in Warsaw. It is scheduled on 28 September 2026 at Klub Niebo, 21C Nowy Świat St, Warsaw. Ticket price and availability are to be confirmed with the organiser. This English event summary is based on publicly available organiser or ticket-calendar information. Confirm the final programme, entry rules, accessibility arrangements and ticket availability with the source before travelling.;2026-09-28;;sessions;false;;;;;Klub Niebo, 21C Nowy Świat St, Warsaw;;;;;;Price TBA — check the official ticket office;false;;https://www.ticketmaster.pl/discover/warsaw?categoryId=KZFzniwnSyZfZ7v7nJ&language=en-us&page=6;active;;;;
;The Amity Affliction, support: Silent Planet, Varials, Orthodox;The Amity Affliction, support: Silent Planet, Varials, Orthodox is listed as a live music performance in Warsaw. It is scheduled on 29 September 2026 at 18:00 at Klub Progresja, 22 Fort Wola St, Warsaw. Ticket price and availability are to be confirmed with the organiser. This English event summary is based on publicly available organiser or ticket-calendar information. Confirm the final programme, entry rules, accessibility arrangements and ticket availability with the source before travelling.;2026-09-29T18:00;;sessions;false;;;;;Klub Progresja, 22 Fort Wola St, Warsaw;;;;;;Price TBA — check the official ticket office;false;;https://kiedykoncert.pl/koncerty/warszawa/2026-09;active;;;;
;Vundabar and Yot Club;Vundabar and Yot Club is listed as a live music performance in Warsaw. It is scheduled on 29 September 2026 at 18:00 at Klub Hybrydy, 7/9 Złota St, Warsaw. Ticket price and availability are to be confirmed with the organiser. This English event summary is based on publicly available organiser or ticket-calendar information. Confirm the final programme, entry rules, accessibility arrangements and ticket availability with the source before travelling.;2026-09-29T18:00;;sessions;false;;;;;Klub Hybrydy, 7/9 Złota St, Warsaw;;;;;;Price TBA — check the official ticket office;false;;https://kiedykoncert.pl/koncerty/warszawa/2026-09;active;;;;
;City of the Sun;City of the Sun is listed as a live music performance in Warsaw. It is scheduled on 29 September 2026 at 20:00 at VooDoo Club — Stage 1, 48A Prymasa Tysiąclecia Ave, Warsaw. Ticket price and availability are to be confirmed with the organiser. This English event summary is based on publicly available organiser or ticket-calendar information. Confirm the final programme, entry rules, accessibility arrangements and ticket availability with the source before travelling.;2026-09-29T20:00;;sessions;false;;;;;VooDoo Club — Stage 1, 48A Prymasa Tysiąclecia Ave, Warsaw;;;;;;Price TBA — check the official ticket office;false;;https://kiedykoncert.pl/koncerty/warszawa/2026-09;active;;;;
;Future Palace;Future Palace is listed as a live music performance in Warsaw. It is scheduled on 29 September 2026 at 20:00 at Hydrozagadka, 22 11 Listopada St, Warsaw. Ticket price and availability are to be confirmed with the organiser. This English event summary is based on publicly available organiser or ticket-calendar information. Confirm the final programme, entry rules, accessibility arrangements and ticket availability with the source before travelling.;2026-09-29T20:00;;sessions;false;;;;;Hydrozagadka, 22 11 Listopada St, Warsaw;;;;;;Price TBA — check the official ticket office;false;;https://kiedykoncert.pl/koncerty/warszawa/2026-09;active;;;;
;SKOLIM: Król Latino;SKOLIM: Król Latino is listed as a live music performance in Warsaw. It is scheduled on 4 September 2026 at 19:00 at Amfiteatr Bemowo, Górczewska Park, Raginisa St, Warsaw. The published starting price is 107.90 PLN. This English event summary is based on publicly available organiser or ticket-calendar information. Confirm the final programme, entry rules, accessibility arrangements and ticket availability with the source before travelling.;2026-09-04T19:00;;sessions;false;;;;;Amfiteatr Bemowo, Górczewska Park, Raginisa St, Warsaw;;;;;107.90;Tickets from 107.90 PLN;false;;https://stadionnarodowy.waw.pl/pl/events/2026/09/skolim-krol-latino-koncert-w-warszawie;active;;;;
;JIMEK | Orchestra | Guests: History of Polish Hip-Hop, Chapter III: The Final;JIMEK | Orchestra | Guests: History of Polish Hip-Hop, Chapter III: The Final is listed as a orchestral hip-hop concert in Warsaw. It is scheduled on 12 September 2026 at Bemowo Airport, Warsaw. The published starting price is 245 PLN. This English event summary is based on publicly available organiser or ticket-calendar information. Confirm the final programme, entry rules, accessibility arrangements and ticket availability with the source before travelling.;2026-09-12;;sessions;false;;;;;Bemowo Airport, Warsaw;;;;;245;Tickets from 245 PLN;false;;https://hphh.pl/;active;;;;
;Anastacia: #NTKTOUR 2026;Anastacia: #NTKTOUR 2026 is listed as a pop concert in Warsaw. It is scheduled on 13 October 2026 at 18:00 at COS Torwar, Łazienkowska 6A, 00-449 Warsaw. Ticket price and availability are to be confirmed with the organiser. This English event summary is based on publicly available organiser or ticket-calendar information. Confirm the final programme, entry rules, accessibility arrangements and ticket availability with the source before travelling.;2026-10-13T18:00;;sessions;false;;;;;COS Torwar, Łazienkowska 6A, 00-449 Warsaw;;;;;;Price TBA — check the official ticket office;false;;https://www.ticketmaster.pl/discover/warsaw?language=en-us&page=11;active;;;;
;Xandria;Xandria is listed as a live music performance in Warsaw. It is scheduled on 13 October 2026 at 20:00 at Klub Hydrozagadka, 11 Listopada 22, 03-436 Warsaw. Ticket price and availability are to be confirmed with the organiser. This English event summary is based on publicly available organiser or ticket-calendar information. Confirm the final programme, entry rules, accessibility arrangements and ticket availability with the source before travelling.;2026-10-13T20:00;;sessions;false;;;;;Klub Hydrozagadka, 11 Listopada 22, 03-436 Warsaw;;;;;;Price TBA — check the official ticket office;false;;https://www.ticketmaster.pl/discover/warsaw?language=en-us&page=11;active;;;;
;Declan Welsh and The Decadent West;Declan Welsh and The Decadent West is listed as a live music performance in Warsaw. It is scheduled on 14 October 2026 at 18:00 at Klub Hydrozagadka, 11 Listopada 22, 03-436 Warsaw. Ticket price and availability are to be confirmed with the organiser. This English event summary is based on publicly available organiser or ticket-calendar information. Confirm the final programme, entry rules, accessibility arrangements and ticket availability with the source before travelling.;2026-10-14T18:00;;sessions;false;;;;;Klub Hydrozagadka, 11 Listopada 22, 03-436 Warsaw;;;;;;Price TBA — check the official ticket office;false;;https://www.ticketmaster.pl/discover/warsaw?language=en-us&page=11;active;;;;
;Cat Power: The Greatest Tour;Cat Power: The Greatest Tour is listed as a live music performance in Warsaw. It is scheduled on 14 October 2026 at 20:00 at Klub Stodoła, Stefana Batorego 10, 02-591 Warsaw. Ticket price and availability are to be confirmed with the organiser. This English event summary is based on publicly available organiser or ticket-calendar information. Confirm the final programme, entry rules, accessibility arrangements and ticket availability with the source before travelling.;2026-10-14T20:00;;sessions;false;;;;;Klub Stodoła, Stefana Batorego 10, 02-591 Warsaw;;;;;;Price TBA — check the official ticket office;false;;https://www.ticketmaster.pl/discover/warsaw?language=en-us&page=11;active;;;;
;Yaelokre, support: Ben Caplan;Yaelokre, support: Ben Caplan is listed as a live music performance in Warsaw. It is scheduled on 14 October 2026 at 20:00 at Progresja, Fort Wola 22, 01-258 Warsaw. Ticket price and availability are to be confirmed with the organiser. This English event summary is based on publicly available organiser or ticket-calendar information. Confirm the final programme, entry rules, accessibility arrangements and ticket availability with the source before travelling.;2026-10-14T20:00;;sessions;false;;;;;Progresja, Fort Wola 22, 01-258 Warsaw;;;;;;Price TBA — check the official ticket office;false;;https://www.ticketmaster.pl/discover/warsaw?language=en-us&page=11;active;;;;
;Happysad: XXV TOUR;Happysad: XXV TOUR is listed as a live music performance in Warsaw. It is scheduled on 15 October 2026 at 19:00 at Klub Stodoła, Stefana Batorego 10, 02-591 Warsaw. The published starting price is 147.34 PLN. This English event summary is based on publicly available organiser or ticket-calendar information. Confirm the final programme, entry rules, accessibility arrangements and ticket availability with the source before travelling.;2026-10-15T19:00;;sessions;false;;;;;Klub Stodoła, Stefana Batorego 10, 02-591 Warsaw;;;;;147.34;Tickets from 147.34 PLN;false;;https://www.ticketmaster.pl/event/happysad--xxv-tour-bilety/1285594030?language=en-us;active;;;;
;GZUZ;GZUZ is listed as a live music performance in Warsaw. It is scheduled on 15 October 2026 at 20:00 at Progresja, Fort Wola 22, 01-258 Warsaw. Ticket price and availability are to be confirmed with the organiser. This English event summary is based on publicly available organiser or ticket-calendar information. Confirm the final programme, entry rules, accessibility arrangements and ticket availability with the source before travelling.;2026-10-15T20:00;;sessions;false;;;;;Progresja, Fort Wola 22, 01-258 Warsaw;;;;;;Price TBA — check the official ticket office;false;;https://www.ticketmaster.pl/discover/warsaw?language=en-us&page=11;active;;;;
;ARK: HI-LO;ARK: HI-LO is listed as a electronic music event in Warsaw. It is scheduled on 16 October 2026 at 23:00 at Progresja, Fort Wola 22, 01-258 Warsaw. Ticket price and availability are to be confirmed with the organiser. This English event summary is based on publicly available organiser or ticket-calendar information. Confirm the final programme, entry rules, accessibility arrangements and ticket availability with the source before travelling.;2026-10-16T23:00;;sessions;false;;;;;Progresja, Fort Wola 22, 01-258 Warsaw;;;;;;Price TBA — check the official ticket office;false;;https://www.ticketmaster.pl/discover/warsaw?language=en-us&page=11;active;;;;
;BERRE: How Beautiful This Life Is EU Tour 2026;BERRE: How Beautiful This Life Is EU Tour 2026 is listed as a live music performance in Warsaw. It is scheduled on 17 October 2026 at 18:00 at Klub Hybrydy, Złota 7/9, 00-019 Warsaw. Ticket price and availability are to be confirmed with the organiser. This English event summary is based on publicly available organiser or ticket-calendar information. Confirm the final programme, entry rules, accessibility arrangements and ticket availability with the source before travelling.;2026-10-17T18:00;;sessions;false;;;;;Klub Hybrydy, Złota 7/9, 00-019 Warsaw;;;;;;Price TBA — check the official ticket office;false;;https://www.ticketmaster.pl/discover/warsaw?language=en-us&page=11;active;;;;
;Drink The Sea;Drink The Sea is listed as a live music performance in Warsaw. It is scheduled on 17 October 2026 at 18:00 at Klub Proxima, Żwirki i Wigury 99A, 02-089 Warsaw. Ticket price and availability are to be confirmed with the organiser. This English event summary is based on publicly available organiser or ticket-calendar information. Confirm the final programme, entry rules, accessibility arrangements and ticket availability with the source before travelling.;2026-10-17T18:00;;sessions;false;;;;;Klub Proxima, Żwirki i Wigury 99A, 02-089 Warsaw;;;;;;Price TBA — check the official ticket office;false;;https://www.ticketmaster.pl/discover/warsaw?language=en-us&page=11;active;;;;
;Simple Plan: BIGGER THAN YOU THINK! EU/UK Tour 2026;Simple Plan: BIGGER THAN YOU THINK! EU/UK Tour 2026 is listed as a live music performance in Warsaw. It is scheduled on 17 October 2026 at 18:00 at EXPO XXI, Prądzyńskiego 12/14, 01-222 Warsaw. Ticket price and availability are to be confirmed with the organiser. This English event summary is based on publicly available organiser or ticket-calendar information. Confirm the final programme, entry rules, accessibility arrangements and ticket availability with the source before travelling.;2026-10-17T18:00;;sessions;false;;;;;EXPO XXI, Prądzyńskiego 12/14, 01-222 Warsaw;;;;;;Price TBA — check the official ticket office;false;;https://www.ticketmaster.pl/discover/warsaw?language=en-us&page=11;active;;;;
;God Save The Queen;God Save The Queen is listed as a tribute concert in Warsaw. It is scheduled on 17 October 2026 at 20:00 at Arena Ursynów, Pileckiego 122, 02-781 Warsaw. Ticket price and availability are to be confirmed with the organiser. This English event summary is based on publicly available organiser or ticket-calendar information. Confirm the final programme, entry rules, accessibility arrangements and ticket availability with the source before travelling.;2026-10-17T20:00;;sessions;false;;;;;Arena Ursynów, Pileckiego 122, 02-781 Warsaw;;;;;;Price TBA — check the official ticket office;false;;https://www.ticketmaster.pl/discover/warsaw?language=en-us&page=11;active;;;;
;Der Weg Einer Freiheit, support: Conjurer and Brnsjmin;Der Weg Einer Freiheit, support: Conjurer and Brnsjmin is listed as a metal concert in Warsaw. It is scheduled on 18 October 2026 at 19:00 at Klub Mechanik, Narbutta 87, 02-524 Warsaw. Ticket price and availability are to be confirmed with the organiser. This English event summary is based on publicly available organiser or ticket-calendar information. Confirm the final programme, entry rules, accessibility arrangements and ticket availability with the source before travelling.;2026-10-18T19:00;;sessions;false;;;;;Klub Mechanik, Narbutta 87, 02-524 Warsaw;;;;;;Price TBA — check the official ticket office;false;;https://www.ticketmaster.pl/discover/warsaw?language=en-us&page=12;active;;;;
;BABE HAVEN + LATTER;BABE HAVEN + LATTER is listed as a live music performance in Warsaw. It is scheduled on 18 October 2026 at 20:00 at VooDoo Club — Stage 2, al. Prymasa Tysiąclecia 48A, 01-242 Warsaw. Ticket price and availability are to be confirmed with the organiser. This English event summary is based on publicly available organiser or ticket-calendar information. Confirm the final programme, entry rules, accessibility arrangements and ticket availability with the source before travelling.;2026-10-18T20:00;;sessions;false;;;;;VooDoo Club — Stage 2, al. Prymasa Tysiąclecia 48A, 01-242 Warsaw;;;;;;Price TBA — check the official ticket office;false;;https://www.ticketmaster.pl/discover/warsaw?language=en-us&page=12;active;;;;
;Temples, support: JEWLS;Temples, support: JEWLS is listed as a live music performance in Warsaw. It is scheduled on 27 October 2026 at 20:00 at Niebo, Nowy Świat 21, 00-029 Warsaw. Ticket price and availability are to be confirmed with the organiser. This English event summary is based on publicly available organiser or ticket-calendar information. Confirm the final programme, entry rules, accessibility arrangements and ticket availability with the source before travelling.;2026-10-27T20:00;;sessions;false;;;;;Niebo, Nowy Świat 21, 00-029 Warsaw;;;;;;Price TBA — check the official ticket office;false;;https://www.ticketmaster.pl/discover/warsaw?language=en-us&page=13;active;;;;
;Puscifer;Puscifer is listed as a live music performance in Warsaw. It is scheduled on 28 October 2026 at 18:00 at Klub Stodoła, Stefana Batorego 10, 02-591 Warsaw. Ticket price and availability are to be confirmed with the organiser. This English event summary is based on publicly available organiser or ticket-calendar information. Confirm the final programme, entry rules, accessibility arrangements and ticket availability with the source before travelling.;2026-10-28T18:00;;sessions;false;;;;;Klub Stodoła, Stefana Batorego 10, 02-591 Warsaw;;;;;;Price TBA — check the official ticket office;false;;https://www.ticketmaster.pl/discover/warsaw?language=en-us&page=13;active;;;;
;Eryk Moczko;Eryk Moczko is listed as a live music performance in Warsaw. It is scheduled on 29 October 2026 at 20:00 at Progresja, Fort Wola 22, 01-258 Warsaw. Ticket price and availability are to be confirmed with the organiser. This English event summary is based on publicly available organiser or ticket-calendar information. Confirm the final programme, entry rules, accessibility arrangements and ticket availability with the source before travelling.;2026-10-29T20:00;;sessions;false;;;;;Progresja, Fort Wola 22, 01-258 Warsaw;;;;;;Price TBA — check the official ticket office;false;;https://www.ticketmaster.pl/discover/warsaw?language=en-us&page=13;active;;;;
;Kate Ryan: Génération Désenchantée — 25th Anniversary Tour;Kate Ryan: Génération Désenchantée — 25th Anniversary Tour is listed as a live music performance in Warsaw. It is scheduled on 30 October 2026 at 18:00 at Klub Palladium, Złota 9, 00-019 Warsaw. Ticket price and availability are to be confirmed with the organiser. This English event summary is based on publicly available organiser or ticket-calendar information. Confirm the final programme, entry rules, accessibility arrangements and ticket availability with the source before travelling.;2026-10-30T18:00;;sessions;false;;;;;Klub Palladium, Złota 9, 00-019 Warsaw;;;;;;Price TBA — check the official ticket office;false;;https://www.ticketmaster.pl/discover/warsaw?language=en-us&page=13;active;;;;
;Giselle;Giselle is listed as a two-act ballet in Warsaw. It is scheduled on 1 October 2026 at 19:00 at Moniuszko Auditorium, Teatr Wielki–Polish National Opera, plac Teatralny 1, 00-950 Warsaw. Ticket price and availability are to be confirmed with the organiser. This English event summary is based on publicly available organiser or ticket-calendar information. Confirm the final programme, entry rules, accessibility arrangements and ticket availability with the source before travelling.;2026-10-01T19:00;;sessions;false;;;;;Moniuszko Auditorium, Teatr Wielki–Polish National Opera, plac Teatralny 1, 00-950 Warsaw;;;;;;Price TBA — check the official ticket office;false;;https://teatrwielki.pl/en/calendar/date/2026/10/;active;;;;
;Romeo and Juliet;Romeo and Juliet is listed as a five-act opera in Warsaw. It is scheduled on 2 October 2026 at 19:00 at Moniuszko Auditorium, Teatr Wielki–Polish National Opera, plac Teatralny 1, 00-950 Warsaw. Ticket price and availability are to be confirmed with the organiser. This English event summary is based on publicly available organiser or ticket-calendar information. Confirm the final programme, entry rules, accessibility arrangements and ticket availability with the source before travelling.;2026-10-02T19:00;;sessions;false;;;;;Moniuszko Auditorium, Teatr Wielki–Polish National Opera, plac Teatralny 1, 00-950 Warsaw;;;;;;Price TBA — check the official ticket office;false;;https://teatrwielki.pl/en/calendar/date/2026/10/;active;;;;
;Wòlô bòskô;Wòlô bòskô is listed as a staged Kashubian song-cycle performance in Warsaw. It is scheduled on 3 October 2026 at 18:00 at Młynarski Hall, Teatr Wielki–Polish National Opera, plac Teatralny 1, 00-950 Warsaw. Ticket price and availability are to be confirmed with the organiser. This English event summary is based on publicly available organiser or ticket-calendar information. Confirm the final programme, entry rules, accessibility arrangements and ticket availability with the source before travelling.;2026-10-03T18:00;;sessions;false;;;;;Młynarski Hall, Teatr Wielki–Polish National Opera, plac Teatralny 1, 00-950 Warsaw;;;;;;Price TBA — check the official ticket office;false;;https://teatrwielki.pl/en/calendar/date/2026/10/;active;;;;
;Touching Theatre;Touching Theatre is listed as a accessible theatre meeting in Warsaw. It is scheduled on 10 October 2026 at 12:30 at III Balkon, Teatr Wielki–Polish National Opera, plac Teatralny 1, 00-950 Warsaw. Ticket price and availability are to be confirmed with the organiser. This English event summary is based on publicly available organiser or ticket-calendar information. Confirm the final programme, entry rules, accessibility arrangements and ticket availability with the source before travelling.;2026-10-10T12:30;;sessions;false;;;;;III Balkon, Teatr Wielki–Polish National Opera, plac Teatralny 1, 00-950 Warsaw;;;;;;Price TBA — check the official ticket office;false;;https://teatrwielki.pl/en/calendar/date/2026/10/;active;;;;
;Bel Canto, or Opera 101;Bel Canto, or Opera 101 is listed as a educational concert project in Warsaw. It is scheduled on 14 October 2026 at 10:00 at Galeria Karnego, Teatr Wielki–Polish National Opera, plac Teatralny 1, 00-950 Warsaw. Ticket price and availability are to be confirmed with the organiser. This English event summary is based on publicly available organiser or ticket-calendar information. Confirm the final programme, entry rules, accessibility arrangements and ticket availability with the source before travelling.;2026-10-14T10:00;;sessions;false;;;;;Galeria Karnego, Teatr Wielki–Polish National Opera, plac Teatralny 1, 00-950 Warsaw;;;;;;Price TBA — check the official ticket office;false;;https://teatrwielki.pl/en/calendar/date/2026/10/;active;;;;
;Mothers of Kherson: World Premiere;Mothers of Kherson: World Premiere is listed as a world-premiere opera in Warsaw. It is scheduled on 16 October 2026 at 19:00 at Moniuszko Auditorium, Teatr Wielki–Polish National Opera, plac Teatralny 1, 00-950 Warsaw. Ticket price and availability are to be confirmed with the organiser. This English event summary is based on publicly available organiser or ticket-calendar information. Confirm the final programme, entry rules, accessibility arrangements and ticket availability with the source before travelling.;2026-10-16T19:00;;sessions;false;;;;;Moniuszko Auditorium, Teatr Wielki–Polish National Opera, plac Teatralny 1, 00-950 Warsaw;;;;;;Price TBA — check the official ticket office;false;;https://teatrwielki.pl/en/calendar/date/2026/10/;active;;;;
;Butterfly in the Land of Shadows;Butterfly in the Land of Shadows is listed as a educational performance for young audiences in Warsaw. It is scheduled on 17 October 2026 at 12:00 at Młynarski Hall, Teatr Wielki–Polish National Opera, plac Teatralny 1, 00-950 Warsaw. Ticket price and availability are to be confirmed with the organiser. This English event summary is based on publicly available organiser or ticket-calendar information. Confirm the final programme, entry rules, accessibility arrangements and ticket availability with the source before travelling.;2026-10-17T12:00;;sessions;false;;;;;Młynarski Hall, Teatr Wielki–Polish National Opera, plac Teatralny 1, 00-950 Warsaw;;;;;;Price TBA — check the official ticket office;false;;https://teatrwielki.pl/en/calendar/date/2026/10/;active;;;;
;Madama Butterfly;Madama Butterfly is listed as a opera performance in Warsaw. It is scheduled on 22 October 2026 at 19:00 at Moniuszko Auditorium, Teatr Wielki–Polish National Opera, plac Teatralny 1, 00-950 Warsaw. Ticket price and availability are to be confirmed with the organiser. This English event summary is based on publicly available organiser or ticket-calendar information. Confirm the final programme, entry rules, accessibility arrangements and ticket availability with the source before travelling.;2026-10-22T19:00;;sessions;false;;;;;Moniuszko Auditorium, Teatr Wielki–Polish National Opera, plac Teatralny 1, 00-950 Warsaw;;;;;;Price TBA — check the official ticket office;false;;https://teatrwielki.pl/en/calendar/date/2026/10/;active;;;;
;Little Theatre Academy;Little Theatre Academy is listed as a family workshop in Warsaw. It is scheduled on 24 October 2026 at 12:00 at III Balkon, Teatr Wielki–Polish National Opera, plac Teatralny 1, 00-950 Warsaw. Ticket price and availability are to be confirmed with the organiser. This English event summary is based on publicly available organiser or ticket-calendar information. Confirm the final programme, entry rules, accessibility arrangements and ticket availability with the source before travelling.;2026-10-24T12:00;;sessions;false;;;;;III Balkon, Teatr Wielki–Polish National Opera, plac Teatralny 1, 00-950 Warsaw;;;;;;Price TBA — check the official ticket office;false;;https://teatrwielki.pl/en/calendar/date/2026/10/;active;;;;
;Family Fun at the Wielki;Family Fun at the Wielki is listed as a family educational performance in Warsaw. It is scheduled on 24 October 2026 at 16:00 at Młynarski Hall, Teatr Wielki–Polish National Opera, plac Teatralny 1, 00-950 Warsaw. Ticket price and availability are to be confirmed with the organiser. This English event summary is based on publicly available organiser or ticket-calendar information. Confirm the final programme, entry rules, accessibility arrangements and ticket availability with the source before travelling.;2026-10-24T16:00;;sessions;false;;;;;Młynarski Hall, Teatr Wielki–Polish National Opera, plac Teatralny 1, 00-950 Warsaw;;;;;;Price TBA — check the official ticket office;false;;https://teatrwielki.pl/en/calendar/date/2026/10/;active;;;;
;Grand Theatre for the Little Ones;Grand Theatre for the Little Ones is listed as a family concert format in Warsaw. It is scheduled on 25 October 2026 at 16:00 at Młynarski Hall, Teatr Wielki–Polish National Opera, plac Teatralny 1, 00-950 Warsaw. Ticket price and availability are to be confirmed with the organiser. This English event summary is based on publicly available organiser or ticket-calendar information. Confirm the final programme, entry rules, accessibility arrangements and ticket availability with the source before travelling.;2026-10-25T16:00;;sessions;false;;;;;Młynarski Hall, Teatr Wielki–Polish National Opera, plac Teatralny 1, 00-950 Warsaw;;;;;;Price TBA — check the official ticket office;false;;https://teatrwielki.pl/en/calendar/date/2026/10/;active;;;;
;Opera Sound Hunters;Opera Sound Hunters is listed as a sound-focused children’s workshop in Warsaw. It is scheduled on 28 October 2026 at 10:00 at Galeria Karnego, Teatr Wielki–Polish National Opera, plac Teatralny 1, 00-950 Warsaw. Ticket price and availability are to be confirmed with the organiser. This English event summary is based on publicly available organiser or ticket-calendar information. Confirm the final programme, entry rules, accessibility arrangements and ticket availability with the source before travelling.;2026-10-28T10:00;;sessions;false;;;;;Galeria Karnego, Teatr Wielki–Polish National Opera, plac Teatralny 1, 00-950 Warsaw;;;;;;Price TBA — check the official ticket office;false;;https://teatrwielki.pl/en/calendar/date/2026/10/;active;;;;
;Symphony of Dance: an encore;Symphony of Dance: an encore is listed as a ballet triple bill in Warsaw. It is scheduled on 31 October 2026 at 19:00 at Moniuszko Auditorium, Teatr Wielki–Polish National Opera, plac Teatralny 1, 00-950 Warsaw. Ticket price and availability are to be confirmed with the organiser. This English event summary is based on publicly available organiser or ticket-calendar information. Confirm the final programme, entry rules, accessibility arrangements and ticket availability with the source before travelling.;2026-10-31T19:00;;sessions;false;;;;;Moniuszko Auditorium, Teatr Wielki–Polish National Opera, plac Teatralny 1, 00-950 Warsaw;;;;;;Price TBA — check the official ticket office;false;;https://teatrwielki.pl/en/calendar/date/2026/10/;active;;;;
;Detective B. Flat Major on the Track of Sounds;Detective B. Flat Major on the Track of Sounds is listed as a sound-themed educational project in Warsaw. It is scheduled on 5 November 2026 at 10:00 at Galeria Karnego, Teatr Wielki–Polish National Opera, plac Teatralny 1, 00-950 Warsaw. Ticket price and availability are to be confirmed with the organiser. This English event summary is based on publicly available organiser or ticket-calendar information. Confirm the final programme, entry rules, accessibility arrangements and ticket availability with the source before travelling.;2026-11-05T10:00;;sessions;false;;;;;Galeria Karnego, Teatr Wielki–Polish National Opera, plac Teatralny 1, 00-950 Warsaw;;;;;;Price TBA — check the official ticket office;false;;https://teatrwielki.pl/en/calendar/date/2026/11/;active;;;;
;María de Buenos Aires;María de Buenos Aires is listed as a tango opera in Warsaw. It is scheduled on 6 November 2026 at 19:00 at Młynarski Hall, Teatr Wielki–Polish National Opera, plac Teatralny 1, 00-950 Warsaw. Ticket price and availability are to be confirmed with the organiser. This English event summary is based on publicly available organiser or ticket-calendar information. Confirm the final programme, entry rules, accessibility arrangements and ticket availability with the source before travelling.;2026-11-06T19:00;;sessions;false;;;;;Młynarski Hall, Teatr Wielki–Polish National Opera, plac Teatralny 1, 00-950 Warsaw;;;;;;Price TBA — check the official ticket office;false;;https://teatrwielki.pl/en/calendar/date/2026/11/;active;;;;
;Cinderella;Cinderella is listed as a ballet for young audiences in Warsaw. It is scheduled on 14 November 2026 at 12:00 at Młynarski Hall, Teatr Wielki–Polish National Opera, plac Teatralny 1, 00-950 Warsaw. Ticket price and availability are to be confirmed with the organiser. This English event summary is based on publicly available organiser or ticket-calendar information. Confirm the final programme, entry rules, accessibility arrangements and ticket availability with the source before travelling.;2026-11-14T12:00;;sessions;false;;;;;Młynarski Hall, Teatr Wielki–Polish National Opera, plac Teatralny 1, 00-950 Warsaw;;;;;;Price TBA — check the official ticket office;false;;https://teatrwielki.pl/en/calendar/date/2026/11/;active;;;;
;Juvenalia 5;Juvenalia 5 is listed as a ballet performance in Warsaw. It is scheduled on 19 November 2026 at 19:00 at Młynarski Hall, Teatr Wielki–Polish National Opera, plac Teatralny 1, 00-950 Warsaw. Ticket price and availability are to be confirmed with the organiser. This English event summary is based on publicly available organiser or ticket-calendar information. Confirm the final programme, entry rules, accessibility arrangements and ticket availability with the source before travelling.;2026-11-19T19:00;;sessions;false;;;;;Młynarski Hall, Teatr Wielki–Polish National Opera, plac Teatralny 1, 00-950 Warsaw;;;;;;Price TBA — check the official ticket office;false;;https://teatrwielki.pl/en/calendar/date/2026/11/;active;;;;
;Salome: Premiere;Salome: Premiere is listed as a opera premiere in Warsaw. It is scheduled on 22 November 2026 at 18:00 at Moniuszko Auditorium, Teatr Wielki–Polish National Opera, plac Teatralny 1, 00-950 Warsaw. Ticket price and availability are to be confirmed with the organiser. This English event summary is based on publicly available organiser or ticket-calendar information. Confirm the final programme, entry rules, accessibility arrangements and ticket availability with the source before travelling.;2026-11-22T18:00;;sessions;false;;;;;Moniuszko Auditorium, Teatr Wielki–Polish National Opera, plac Teatralny 1, 00-950 Warsaw;;;;;;Price TBA — check the official ticket office;false;;https://teatrwielki.pl/en/calendar/date/2026/11/;active;;;;
;Strauss, Mahler, Morawski-Dąbrowa;Strauss, Mahler, Morawski-Dąbrowa is listed as a Opera Academy concert in Warsaw. It is scheduled on 27 November 2026 at 18:00 at Młynarski Hall, Teatr Wielki–Polish National Opera, plac Teatralny 1, 00-950 Warsaw. Ticket price and availability are to be confirmed with the organiser. This English event summary is based on publicly available organiser or ticket-calendar information. Confirm the final programme, entry rules, accessibility arrangements and ticket availability with the source before travelling.;2026-11-27T18:00;;sessions;false;;;;;Młynarski Hall, Teatr Wielki–Polish National Opera, plac Teatralny 1, 00-950 Warsaw;;;;;;Price TBA — check the official ticket office;false;;https://teatrwielki.pl/en/calendar/date/2026/11/;active;;;;
;Falstaff;Falstaff is listed as a opera performance in Warsaw. It is scheduled on 27 November 2026 at 19:00 at Moniuszko Auditorium, Teatr Wielki–Polish National Opera, plac Teatralny 1, 00-950 Warsaw. Ticket price and availability are to be confirmed with the organiser. This English event summary is based on publicly available organiser or ticket-calendar information. Confirm the final programme, entry rules, accessibility arrangements and ticket availability with the source before travelling.;2026-11-27T19:00;;sessions;false;;;;;Moniuszko Auditorium, Teatr Wielki–Polish National Opera, plac Teatralny 1, 00-950 Warsaw;;;;;;Price TBA — check the official ticket office;false;;https://teatrwielki.pl/en/calendar/date/2026/11/;active;;;;
;Martucci Jazz Ensemble: Three Worlds, One Sound;Martucci Jazz Ensemble: Three Worlds, One Sound is listed as a jazz concert in Warsaw. It is scheduled on 11 October 2026 at 18:00 at Basen Artystyczny Stage, M. Konopnicka 6, 00-491 Warsaw. Ticket price and availability are to be confirmed with the organiser. This English event summary is based on publicly available organiser or ticket-calendar information. Confirm the final programme, entry rules, accessibility arrangements and ticket availability with the source before travelling.;2026-10-11T18:00;;sessions;false;;;;;Basen Artystyczny Stage, M. Konopnicka 6, 00-491 Warsaw;;;;;;Price TBA — check the official ticket office;false;;https://operakameralna.pl/en/repertuar/;active;;;;
;Falla Reimagined: The Moisés Sánchez Trio;Falla Reimagined: The Moisés Sánchez Trio is listed as a contemporary concert inspired by Manuel de Falla in Warsaw. It is scheduled on 16 October 2026 at 19:00 at Basen Artystyczny Stage, M. Konopnicka 6, 00-491 Warsaw. Ticket price and availability are to be confirmed with the organiser. This English event summary is based on publicly available organiser or ticket-calendar information. Confirm the final programme, entry rules, accessibility arrangements and ticket availability with the source before travelling.;2026-10-16T19:00;;sessions;false;;;;;Basen Artystyczny Stage, M. Konopnicka 6, 00-491 Warsaw;;;;;;Price TBA — check the official ticket office;false;;https://operakameralna.pl/en/repertuar/;active;;;;
;Judith Triumphant / Antonio Vivaldi;Judith Triumphant / Antonio Vivaldi is listed as a baroque opera in Warsaw. It is scheduled on 24 October 2026 at 19:00 at Theatre of the Warsaw Chamber Opera, al. Solidarności 76b, 00-145 Warsaw. Ticket price and availability are to be confirmed with the organiser. This English event summary is based on publicly available organiser or ticket-calendar information. Confirm the final programme, entry rules, accessibility arrangements and ticket availability with the source before travelling.;2026-10-24T19:00;;sessions;false;;;;;Theatre of the Warsaw Chamber Opera, al. Solidarności 76b, 00-145 Warsaw;;;;;;Price TBA — check the official ticket office;false;;https://operakameralna.pl/en/repertuar/;active;;;;
;Giulio Cesare / Georg Friedrich Händel;Giulio Cesare / Georg Friedrich Händel is listed as a baroque opera in Warsaw. It is scheduled on 6 November 2026 at 19:00 at Theatre of the Warsaw Chamber Opera, al. Solidarności 76b, 00-145 Warsaw. Ticket price and availability are to be confirmed with the organiser. This English event summary is based on publicly available organiser or ticket-calendar information. Confirm the final programme, entry rules, accessibility arrangements and ticket availability with the source before travelling.;2026-11-06T19:00;;sessions;false;;;;;Theatre of the Warsaw Chamber Opera, al. Solidarności 76b, 00-145 Warsaw;;;;;;Price TBA — check the official ticket office;false;;https://operakameralna.pl/en/repertuar/;active;;;;
;A Ball at the Opera: Leszek Możdżer, Julian Tuwim;A Ball at the Opera: Leszek Możdżer, Julian Tuwim is listed as a opera-stage production in Warsaw. It is scheduled on 19 November 2026 at 19:00 at Basen Artystyczny Stage, M. Konopnicka 6, 00-491 Warsaw. Ticket price and availability are to be confirmed with the organiser. This English event summary is based on publicly available organiser or ticket-calendar information. Confirm the final programme, entry rules, accessibility arrangements and ticket availability with the source before travelling.;2026-11-19T19:00;;sessions;false;;;;;Basen Artystyczny Stage, M. Konopnicka 6, 00-491 Warsaw;;;;;;Price TBA — check the official ticket office;false;;https://operakameralna.pl/en/repertuar/;active;;;;
;SOPRANISTI: Bruno de Sá and Pedro Beriso;SOPRANISTI: Bruno de Sá and Pedro Beriso is listed as a classical vocal concert in Warsaw. It is scheduled on 22 November 2026 at 18:00 at Royal Castle in Warsaw, Plac Zamkowy 4, 00-277 Warsaw. Ticket price and availability are to be confirmed with the organiser. This English event summary is based on publicly available organiser or ticket-calendar information. Confirm the final programme, entry rules, accessibility arrangements and ticket availability with the source before travelling.;2026-11-22T18:00;;sessions;false;;;;;Royal Castle in Warsaw, Plac Zamkowy 4, 00-277 Warsaw;;;;;;Price TBA — check the official ticket office;false;;https://operakameralna.pl/en/repertuar/;active;;;;
;Snack Opera: Baroque Edition;Snack Opera: Baroque Edition is listed as a baroque opera presentation in Warsaw. It is scheduled on 29 November 2026 at 16:30 at Basen Artystyczny Stage, M. Konopnicka 6, 00-491 Warsaw. Ticket price and availability are to be confirmed with the organiser. This English event summary is based on publicly available organiser or ticket-calendar information. Confirm the final programme, entry rules, accessibility arrangements and ticket availability with the source before travelling.;2026-11-29T16:30;;sessions;false;;;;;Basen Artystyczny Stage, M. Konopnicka 6, 00-491 Warsaw;;;;;;Price TBA — check the official ticket office;false;;https://operakameralna.pl/en/repertuar/;active;;;;
;Explore the Secrets of Opera;Explore the Secrets of Opera is listed as a educational event for organised groups in Warsaw. It is scheduled on 2 December 2026 at 10:00 at Galeria Karnego, Teatr Wielki–Polish National Opera, plac Teatralny 1, 00-950 Warsaw. Ticket price and availability are to be confirmed with the organiser. This English event summary is based on publicly available organiser or ticket-calendar information. Confirm the final programme, entry rules, accessibility arrangements and ticket availability with the source before travelling.;2026-12-02T10:00;;sessions;false;;;;;Galeria Karnego, Teatr Wielki–Polish National Opera, plac Teatralny 1, 00-950 Warsaw;;;;;;Price TBA — check the official ticket office;false;;https://teatrwielki.pl/en/calendar/date/2026/12/;active;;;;
;An Upside-Down Christmas;An Upside-Down Christmas is listed as a children’s Christmas choir recital in Warsaw. It is scheduled on 5 December 2026 at 12:00 at Młynarski Hall, Teatr Wielki–Polish National Opera, plac Teatralny 1, 00-950 Warsaw. Ticket price and availability are to be confirmed with the organiser. This English event summary is based on publicly available organiser or ticket-calendar information. Confirm the final programme, entry rules, accessibility arrangements and ticket availability with the source before travelling.;2026-12-05T12:00;;sessions;false;;;;;Młynarski Hall, Teatr Wielki–Polish National Opera, plac Teatralny 1, 00-950 Warsaw;;;;;;Price TBA — check the official ticket office;false;;https://teatrwielki.pl/en/calendar/date/2026/12/;active;;;;
;Coppélia: Premiere;Coppélia: Premiere is listed as a ballet premiere in Warsaw. It is scheduled on 6 December 2026 at 18:00 at Moniuszko Auditorium, Teatr Wielki–Polish National Opera, plac Teatralny 1, 00-950 Warsaw. Ticket price and availability are to be confirmed with the organiser. This English event summary is based on publicly available organiser or ticket-calendar information. Confirm the final programme, entry rules, accessibility arrangements and ticket availability with the source before travelling.;2026-12-06T18:00;;sessions;false;;;;;Moniuszko Auditorium, Teatr Wielki–Polish National Opera, plac Teatralny 1, 00-950 Warsaw;;;;;;Price TBA — check the official ticket office;false;;https://teatrwielki.pl/en/calendar/date/2026/12/;active;;;;
;New Year’s Eve Gala;New Year’s Eve Gala is listed as a New Year’s Eve symphony concert in Warsaw. It is scheduled on 31 December 2026 at 20:00 at Moniuszko Auditorium, Teatr Wielki–Polish National Opera, plac Teatralny 1, 00-950 Warsaw. Ticket price and availability are to be confirmed with the organiser. This English event summary is based on publicly available organiser or ticket-calendar information. Confirm the final programme, entry rules, accessibility arrangements and ticket availability with the source before travelling.;2026-12-31T20:00;;sessions;false;;;;;Moniuszko Auditorium, Teatr Wielki–Polish National Opera, plac Teatralny 1, 00-950 Warsaw;;;;;;Price TBA — check the official ticket office;false;;https://teatrwielki.pl/en/calendar/date/2026/12/;active;;;;
;Symphony of Dance: an encore;Symphony of Dance: an encore is listed as a ballet triple bill in Warsaw. It is scheduled on 3 November 2026 at 19:00 at Moniuszko Auditorium, Teatr Wielki–Polish National Opera, plac Teatralny 1, 00-950 Warsaw. Ticket price and availability are to be confirmed with the organiser. This English event summary is based on publicly available organiser or ticket-calendar information. Confirm the final programme, entry rules, accessibility arrangements and ticket availability with the source before travelling.;2026-11-03T19:00;;sessions;false;;;;;Moniuszko Auditorium, Teatr Wielki–Polish National Opera, plac Teatralny 1, 00-950 Warsaw;;;;;;Price TBA — check the official ticket office;false;;https://teatrwielki.pl/en/calendar/date/2026/11/;active;;;;
;Cinderella;Cinderella is listed as a ballet for young audiences in Warsaw. It is scheduled on 15 November 2026 at 15:00 at Młynarski Hall, Teatr Wielki–Polish National Opera, plac Teatralny 1, 00-950 Warsaw. Ticket price and availability are to be confirmed with the organiser. This English event summary is based on publicly available organiser or ticket-calendar information. Confirm the final programme, entry rules, accessibility arrangements and ticket availability with the source before travelling.;2026-11-15T15:00;;sessions;false;;;;;Młynarski Hall, Teatr Wielki–Polish National Opera, plac Teatralny 1, 00-950 Warsaw;;;;;;Price TBA — check the official ticket office;false;;https://teatrwielki.pl/en/calendar/date/2026/11/;active;;;;
;Touching Theatre;Touching Theatre is listed as a accessible theatre meeting in Warsaw. It is scheduled on 21 November 2026 at 12:30 at III Balkon, Teatr Wielki–Polish National Opera, plac Teatralny 1, 00-950 Warsaw. Ticket price and availability are to be confirmed with the organiser. This English event summary is based on publicly available organiser or ticket-calendar information. Confirm the final programme, entry rules, accessibility arrangements and ticket availability with the source before travelling.;2026-11-21T12:30;;sessions;false;;;;;III Balkon, Teatr Wielki–Polish National Opera, plac Teatralny 1, 00-950 Warsaw;;;;;;Price TBA — check the official ticket office;false;;https://teatrwielki.pl/en/calendar/date/2026/11/;active;;;;
;Salome;Salome is listed as a opera performance in Warsaw. It is scheduled on 26 November 2026 at 19:00 at Moniuszko Auditorium, Teatr Wielki–Polish National Opera, plac Teatralny 1, 00-950 Warsaw. Ticket price and availability are to be confirmed with the organiser. This English event summary is based on publicly available organiser or ticket-calendar information. Confirm the final programme, entry rules, accessibility arrangements and ticket availability with the source before travelling.;2026-11-26T19:00;;sessions;false;;;;;Moniuszko Auditorium, Teatr Wielki–Polish National Opera, plac Teatralny 1, 00-950 Warsaw;;;;;;Price TBA — check the official ticket office;false;;https://teatrwielki.pl/en/calendar/date/2026/11/;active;;;;
;Falstaff;Falstaff is listed as a opera performance in Warsaw. It is scheduled on 29 November 2026 at 18:00 at Moniuszko Auditorium, Teatr Wielki–Polish National Opera, plac Teatralny 1, 00-950 Warsaw. Ticket price and availability are to be confirmed with the organiser. This English event summary is based on publicly available organiser or ticket-calendar information. Confirm the final programme, entry rules, accessibility arrangements and ticket availability with the source before travelling.;2026-11-29T18:00;;sessions;false;;;;;Moniuszko Auditorium, Teatr Wielki–Polish National Opera, plac Teatralny 1, 00-950 Warsaw;;;;;;Price TBA — check the official ticket office;false;;https://teatrwielki.pl/en/calendar/date/2026/11/;active;;;;
;Warsaw Industry Week 2026;Warsaw Industry Week 2026 is listed as a industrial trade fair in Warsaw. It is scheduled from 3 November 2026 until 5 November 2026 at Ptak Warsaw Expo, Al. Katowicka 62, 05-830 Nadarzyn, Warsaw metropolitan area. The organiser lists free admission with a ticket. This English event summary is based on publicly available organiser or ticket-calendar information. Confirm the final programme, entry rules, accessibility arrangements and ticket availability with the source before travelling.;;;range;false;2026-11-03;2026-11-05;;;Ptak Warsaw Expo, Al. Katowicka 62, 05-830 Nadarzyn, Warsaw metropolitan area;;;;;;Free ticket required;false;;https://industryweek.pl/en/;active;;;;
;23rd Warsaw Art Fair;23rd Warsaw Art Fair is listed as a art fair in Warsaw. It is scheduled from 27 November 2026 until 29 November 2026 at EXPO XXI, Prądzyńskiego 12/14, Warsaw. Ticket price and availability are to be confirmed with the organiser. This English event summary is based on publicly available organiser or ticket-calendar information. Confirm the final programme, entry rules, accessibility arrangements and ticket availability with the source before travelling.;;;range;false;2026-11-27;2026-11-29;;;EXPO XXI, Prądzyńskiego 12/14, Warsaw;;;;;;Price TBA — check the official ticket office;false;;https://www.warszawskietargisztuki.pl/en/exhibitors/;active;;;;
;elSol Festival 2026;elSol Festival 2026 is listed as a multi-day dance festival in Warsaw. It is scheduled from 12 November 2026 until 16 November 2026 at Sound Garden Hotel Airport, Żwirki i Wigury 18, Warsaw. Ticket price and availability are to be confirmed with the organiser. This English event summary is based on publicly available organiser or ticket-calendar information. Confirm the final programme, entry rules, accessibility arrangements and ticket availability with the source before travelling.;;;range;false;2026-11-12;2026-11-16;;;Sound Garden Hotel Airport, Żwirki i Wigury 18, Warsaw;;;;;;Price TBA — check the official ticket office;false;;https://elsolfestival.pl/en/;active;;;;
;Eleine, support: Rexoria, SerapiS Project;Eleine, support: Rexoria, SerapiS Project is listed as a live music performance in Warsaw. It is scheduled on 3 November 2026 at 20:00 at Hydrozagadka, 22 11 Listopada St, Warsaw. Ticket price and availability are to be confirmed with the organiser. This English event summary is based on publicly available organiser or ticket-calendar information. Confirm the final programme, entry rules, accessibility arrangements and ticket availability with the source before travelling.;2026-11-03T20:00;;sessions;false;;;;;Hydrozagadka, 22 11 Listopada St, Warsaw;;;;;;Price TBA — check the official ticket office;false;;https://kiedykoncert.pl/koncerty/warszawa/2026-11;active;;;;
;SPORTS;SPORTS is listed as a live music performance in Warsaw. It is scheduled on 4 November 2026 at 20:00 at Hydrozagadka, 22 11 Listopada St, Warsaw. Ticket price and availability are to be confirmed with the organiser. This English event summary is based on publicly available organiser or ticket-calendar information. Confirm the final programme, entry rules, accessibility arrangements and ticket availability with the source before travelling.;2026-11-04T20:00;;sessions;false;;;;;Hydrozagadka, 22 11 Listopada St, Warsaw;;;;;;Price TBA — check the official ticket office;false;;https://kiedykoncert.pl/koncerty/warszawa/2026-11;active;;;;
;Zimmer90: ARTHOUSE TOUR 2026;Zimmer90: ARTHOUSE TOUR 2026 is listed as a live music performance in Warsaw. It is scheduled on 5 November 2026 at 18:00 at Klub OCZKI, Warsaw. Ticket price and availability are to be confirmed with the organiser. This English event summary is based on publicly available organiser or ticket-calendar information. Confirm the final programme, entry rules, accessibility arrangements and ticket availability with the source before travelling.;2026-11-05T18:00;;sessions;false;;;;;Klub OCZKI, Warsaw;;;;;;Price TBA — check the official ticket office;false;;https://kiedykoncert.pl/koncerty/warszawa/2026-11;active;;;;
;Daniel Godson: TRASA ODPOWIEDZI;Daniel Godson: TRASA ODPOWIEDZI is listed as a live music performance in Warsaw. It is scheduled on 5 November 2026 at 18:00 at Hydrozagadka, 22 11 Listopada St, Warsaw. Ticket price and availability are to be confirmed with the organiser. This English event summary is based on publicly available organiser or ticket-calendar information. Confirm the final programme, entry rules, accessibility arrangements and ticket availability with the source before travelling.;2026-11-05T18:00;;sessions;false;;;;;Hydrozagadka, 22 11 Listopada St, Warsaw;;;;;;Price TBA — check the official ticket office;false;;https://kiedykoncert.pl/koncerty/warszawa/2026-11;active;;;;
;WaluśKraksaKryzys i HOUK!;WaluśKraksaKryzys i HOUK! is listed as a live music performance in Warsaw. It is scheduled on 5 November 2026 at 19:00 at Klub Stodoła, 10 Batorego St, Warsaw. Ticket price and availability are to be confirmed with the organiser. This English event summary is based on publicly available organiser or ticket-calendar information. Confirm the final programme, entry rules, accessibility arrangements and ticket availability with the source before travelling.;2026-11-05T19:00;;sessions;false;;;;;Klub Stodoła, 10 Batorego St, Warsaw;;;;;;Price TBA — check the official ticket office;false;;https://kiedykoncert.pl/koncerty/warszawa/2026-11;active;;;;
;Airbag;Airbag is listed as a live music performance in Warsaw. It is scheduled on 5 November 2026 at 20:00 at Terminal Kultury Gocław, Warsaw. Ticket price and availability are to be confirmed with the organiser. This English event summary is based on publicly available organiser or ticket-calendar information. Confirm the final programme, entry rules, accessibility arrangements and ticket availability with the source before travelling.;2026-11-05T20:00;;sessions;false;;;;;Terminal Kultury Gocław, Warsaw;;;;;;Price TBA — check the official ticket office;false;;https://kiedykoncert.pl/koncerty/warszawa/2026-11;active;;;;
;Illusion;Illusion is listed as a live music performance in Warsaw. It is scheduled on 6 November 2026 at 19:00 at Klub Proxima, 99A Żwirki i Wigury St, Warsaw. Ticket price and availability are to be confirmed with the organiser. This English event summary is based on publicly available organiser or ticket-calendar information. Confirm the final programme, entry rules, accessibility arrangements and ticket availability with the source before travelling.;2026-11-06T19:00;;sessions;false;;;;;Klub Proxima, 99A Żwirki i Wigury St, Warsaw;;;;;;Price TBA — check the official ticket office;false;;https://kiedykoncert.pl/koncerty/warszawa/2026-11;active;;;;
;Karolina Czarnecka;Karolina Czarnecka is listed as a live music performance in Warsaw. It is scheduled on 8 November 2026 at 18:00 at Hydrozagadka, 22 11 Listopada St, Warsaw. Ticket price and availability are to be confirmed with the organiser. This English event summary is based on publicly available organiser or ticket-calendar information. Confirm the final programme, entry rules, accessibility arrangements and ticket availability with the source before travelling.;2026-11-08T18:00;;sessions;false;;;;;Hydrozagadka, 22 11 Listopada St, Warsaw;;;;;;Price TBA — check the official ticket office;false;;https://kiedykoncert.pl/koncerty/warszawa/2026-11;active;;;;
;VENJENT;VENJENT is listed as a live music performance in Warsaw. It is scheduled on 10 November 2026 at 20:00 at Klub Stodoła, 10 Batorego St, Warsaw. Ticket price and availability are to be confirmed with the organiser. This English event summary is based on publicly available organiser or ticket-calendar information. Confirm the final programme, entry rules, accessibility arrangements and ticket availability with the source before travelling.;2026-11-10T20:00;;sessions;false;;;;;Klub Stodoła, 10 Batorego St, Warsaw;;;;;;Price TBA — check the official ticket office;false;;https://kiedykoncert.pl/koncerty/warszawa/2026-11;active;;;;
;The Howlers: EU Album Tour;The Howlers: EU Album Tour is listed as a live music performance in Warsaw. It is scheduled on 13 November 2026 at 18:00 at Klub Hybrydy, 7/9 Złota St, Warsaw. Ticket price and availability are to be confirmed with the organiser. This English event summary is based on publicly available organiser or ticket-calendar information. Confirm the final programme, entry rules, accessibility arrangements and ticket availability with the source before travelling.;2026-11-13T18:00;;sessions;false;;;;;Klub Hybrydy, 7/9 Złota St, Warsaw;;;;;;Price TBA — check the official ticket office;false;;https://kiedykoncert.pl/koncerty/warszawa/2026-11;active;;;;
;Mammoth: The End Tour;Mammoth: The End Tour is listed as a live music performance in Warsaw. It is scheduled on 13 November 2026 at 18:00 at Klub Progresja, 22 Fort Wola St, Warsaw. Ticket price and availability are to be confirmed with the organiser. This English event summary is based on publicly available organiser or ticket-calendar information. Confirm the final programme, entry rules, accessibility arrangements and ticket availability with the source before travelling.;2026-11-13T18:00;;sessions;false;;;;;Klub Progresja, 22 Fort Wola St, Warsaw;;;;;;Price TBA — check the official ticket office;false;;https://kiedykoncert.pl/koncerty/warszawa/2026-11;active;;;;
;wilt;wilt is listed as a live music performance in Warsaw. It is scheduled on 14 November 2026 at 18:00 at Klub Mechanik, 87 Narbutta St, Warsaw. Ticket price and availability are to be confirmed with the organiser. This English event summary is based on publicly available organiser or ticket-calendar information. Confirm the final programme, entry rules, accessibility arrangements and ticket availability with the source before travelling.;2026-11-14T18:00;;sessions;false;;;;;Klub Mechanik, 87 Narbutta St, Warsaw;;;;;;Price TBA — check the official ticket office;false;;https://kiedykoncert.pl/koncerty/warszawa/2026-11;active;;;;
;KSU;KSU is listed as a live music performance in Warsaw. It is scheduled on 14 November 2026 at 19:00 at Palladium, 9 Złota St, Warsaw. Ticket price and availability are to be confirmed with the organiser. This English event summary is based on publicly available organiser or ticket-calendar information. Confirm the final programme, entry rules, accessibility arrangements and ticket availability with the source before travelling.;2026-11-14T19:00;;sessions;false;;;;;Palladium, 9 Złota St, Warsaw;;;;;;Price TBA — check the official ticket office;false;;https://kiedykoncert.pl/koncerty/warszawa/2026-11;active;;;;

